Age,"Height
","Weight
Range should be between 30 - 150 kg",Cuisine_top1,Cuisine_top2,Cuisine_top3,Spice Tolerance,Dietary Preference,Eating Out Per week,Food Budget per meal,Sweet tooth level,Tea vs Coffee,Movie_genre_top1,Movie_genre_top2,Movie_genre_top3,Series_genre_top1,Series_genre_top2,Series_genre_top3,Content_lang_top1,Content_lang_top2,Content_lang_top3,Ott Top1,Ott Top2,Ott Top3,  Binge frequency per week  ,Screen Time Movies/series,  Gaming days per week  ,"Gaming hours per week  
",Game Genre Top1,Game Genre Top2,Game Genre Top3,Gaming Platform Top1,Gaming Platform Top2,Gaming Platform Top3,  Esports Viewing   ,Social Platform_Top1,Social Platform Top 2,Social Platform Top 3,"Daily Social Media Minutes  
",  Primary Content Type  ,  Content Creation Freq  ,Music Genre Top 1,Music Genre Top 2,Music Genre Top 3,  Listening hours per day  ,Music language top 1,Music language top 2,  Live concerts past year  ,  Reads Books   ,Book Genre Top 1,Book Genre Top 2,Book Genre Top 3,"Books read past year
",Fashion spend per month,  Shopping Mode Preference  ,  Ethical shopping importance  ,"  Travel frequency per year
",Travel_type_top1,Travel_type_top2,Travel_type_top3,Budget per trip,"Travel Planning Preference  
",Hobby_top1,Hobby top2,Club top1,Club top 2,"Weekly_hobby_hours   
",  Introversion extraversion  ,  Risk taking  ,  Conscientiousness  ,  Open to new experiences  ,"Teamwork preference  
 "
 21,120,30,Mughlai,Bengali,Japanese,2,Jain,7,199,4,Coffee,Horror,Horror,Horror,Historical,Siticom,Fantasy,Kannada,Hindi,Tamil,JioCinema,Netflix,YouTube,4,2,3,4,RPG,MOBA,RPG,PC,PC,PC,Sometimes,You Tube,YouTube,YouTube,120,Lifesyle,Occasional,Bollywood,Pop,Indie,2,Hindi,English,6,No,Self-Help,Non-Fiction,Tech,0,0,Mixed,2,7,Road trip,Beach,Beach,1000,1,Cricket,Writing,Robotics Club,Music Club,0,2,2,2,2,3
 19,167,50,Indian,Mexican,Street Food,5,Non-Veg,7,150,2,Both,Scie-fi,Action,Drama,Crime,Anime,Fantasy,Others,Hindi,English,Netflix,Disney + Hotstar,YouTube,2,40,7,12,Strategy,Casual,FPS,Mobile,PC,Console,Often,You Tube,Instagram,WhatsApp,506,Memes,Occasional,Lo-fi,Pop,Hip-Hop,1,Others,English,0,Sometimes,Fiction,Fantasy,Tech,2,200,Mixed,4,4,Trekking,City,Road Trip,3000,2,Coding,Cricket,Coding Club,Sports Club,40,3,2,3,5,3
 20,167,60,Bengali,Mughlai,Italian,5,Non-Veg,3,100,2,Both,Drama,Sci-fi,Animation,Fantasy,Historical,Siticom,English,Bengali,Hindi,Netflix,Prime Video,YouTube,3,10,7,7,FPS,Strategy,Puzzle,Mobile,PC,Cloud,Sometimes,WhatsApp,Instagram,LinkedIn,60,Educational,No,Lo-fi,Classical,Bollywood,1,Bengali,English,1,Sometimes,Fiction,Sci-Fi,Fantasy,5,500,Mostly Offline,2,2,Beach,Beach,Pilgrimage,3000,2,Cricket,Coding,Coding Club,Sports Club,5,3,4,3,4,3
 22,170,53,Indian,Chinese,Street Food,4,Non-Veg,7,180,4,Both,Scie-fi,Horror,Action,Historical,Anime,Fantasy,Hindi,English,Bengali,YouTube,JioCinema,Netflix,2,3,2,2,Strategy,Puzzle,Casual,Mobile,Mobile,Cloud,Never,WhatsApp,Instagram,YouTube,120,News,Occasional,Bollywood,Classical,Pop,1,Hindi,English,1,Sometimes,Self-Help,Fiction,Tech,5,500,Mixed,4,10,City,Road Trip,Cultural,50000,4,Cricket,Music,Entrepreneurship Cell,Sports Club,10,5,5,5,5,5
 21,167,80,Indian,Mughlai,Chinese,3,Non-Veg,4,200,4,Coffee,Action,Sci-fi,Sci-Fi,Crime,Historical,Fantasy,Hindi,English,Bengali,Netflix,Prime Video,Disney + Hotstar,3,10,2,19,RPG,Sports,Racing,Mobile,PC,Console,Never,WhatsApp,Instagram,YouTube,120,News,No,Bollywood,EDM,Devotional,2,English,Hindi,0,Regularly,Fiction,Self-Help,Fantasy,5,2000,Mixed,5,3,Beach,Trekking,Road Trip,30000,5,Badminton,Debate,Literary Club,Entrepreneurship Cell,5,3,5,4,4,1
 22,173,48,Indian,Bengali,Street Food,3,Non-Veg,7,100,3,Both,Action,Thriller,Horror,Crime,Historical,Teen,Hindi,Bengali,English,Netflix,YouTube,Prime Video,3,14,1,3,FPS,Racing,Sports,Mobile,Cloud,PC,Never,WhatsApp,YouTube,Facebook,300,News,Occasional,Bollywood,Classical,Lo-fi,2,Hindi,Bengali,0,Regularly,Fiction,Tech,Non-Fiction,40,500,Mostly Offline,3,12,City,Beach,Pilgrimage,400,5,Writing,Coding,Coding Club,Cultural Club,25,4,5,1,5,5
 21,173,65,Indian,South Indian,Bengali,4,Non-Veg,1,200,3,Coffee,Comedy,Biopic,Comedy,Historical,Crime,Crime,Hindi,English,Bengali,YouTube,Disney + Hotstar,JioCinema,1,7,1,1,Sports,Racing,Strategy,Mobile,PC,Cloud,Never,You Tube,WhatsApp,Instagram,180,Memes,Occasional,Indie,Bollywood,Classical,4,Hindi,English,0,Sometimes,Tech,Sci-Fi,Non-Fiction,1,5000,Mixed,1,6,City,Road Trip,Cultural,3000,1,Cricket,Gym,Sports Club,Coding Club,40,2,5,4,5,3
 21,164,47,Bengali,Chinese,Street Food,3,Non-Veg,6,100,3,Tea,Thriller,Drama,Romance,Anime,Historical,Historical,Bengali,Hindi,English,Netflix,Disney + Hotstar,Prime Video,1,3,1,3,Strategy,FPS,Racing,Mobile,PC,Console,Never,Instagram,WhatsApp,Facebook,120,Memes,Occasional,Bollywood,Rock,Classical,2,Bengali,Hindi,4,Sometimes,Fiction,Non-Fiction,Biography,2,500,Mixed,4,2,Beach,Pilgrimage,City,3000,2,Music,Cricket,Music Club,Coding Club,10,3,3,3,3,4
 21,154,57,Mediterranean,Indian,Street Food,5,Vegan,10,7000,5,Coffee,Animation,Sci-fi,Action,Anime,Crime,Fantasy,Others,English,Hindi,YouTube,Netflix,Prime Video,4,30,7,30,Racing,FPS,MOBA,PC,PC,Mobile,Sometimes,You Tube,Facebook,Instagram,400,Gaming,Regular,EDM,Classical,Devotional,10,Hindi,Bengali,0,Sometimes,Sci-Fi,Tech,Fiction,20,500,Mixed,3,4,Road trip,City,Cultural,2000,3,Music,Robotics,Music Club,Robotics Club,10,1,3,2,2,4
 20,165,50,Bengali,Chinese,Mughlai,1,Non-Veg,1,50,4,Both,Comedy,Thriller,Action,Crime,K-Drama,Historical,Hindi,Bengali,English,Netflix,Disney + Hotstar,YouTube,2,9,0,0,Puzzle,Racing,Casual,Mobile,PC,Cloud,Never,WhatsApp,Instagram,LinkedIn,120,Music,No,Classical,Bollywood,Pop,2,Hindi,Bengali,0,Sometimes,Biography,Self-Help,Fiction,7,500,Mixed,4,2,Beach,Cultural,Road Trip,15000,4,Painting,Dance,Music Club,Coding Club,4,4,3,4,4,3
 21,167,55,Mexican,Indian,Italian,2,Non-Veg,1,700,3,Tea,Scie-fi,Animation,Romance,Anime,Historical,Fantasy,English,Hindi,Others,Netflix,JioCinema,YouTube,1,40,7,20,FPS,Strategy,Casual,PC,Mobile,Cloud,Often,WhatsApp,X/Twitter,Reddit,180,Memes,No,Lo-fi,EDM,Indie,3,English,Hindi,0,No,Sci-Fi,Fiction,Fantasy,0,2500,Mostly Offline,2,2,City,Beach,Road Trip,200000,3,Music,Painting,Coding Club,Robotics Club,10,3,2,2,5,4
 22,166,67,Indian,Japanese,Bengali,4,Jain,5,70,5,Both,Thriller,Animation,Sci-Fi,Crime,Siticom,Anime,English,Hindi,Others,Disney + Hotstar,Prime Video,YouTube,1,5,7,20,RPG,FPS,Strategy,PC,Mobile,Cloud,Often,WhatsApp,X/Twitter,Instagram,450,Gaming,No,Indie,Pop,Classical,6,Bengali,English,2,Sometimes,Fiction,Sci-Fi,Non-Fiction,2,150,Mixed,5,4,City,Road Trip,Cultural,2500,2,Coding,Music,Coding Club,Sports Club,38,3,5,4,5,3
 20,160,100,Indian,Japanese,Italian,4,Non-Veg,7,350,3,Both,Action,Comedy,Sci-Fi,Anime,Crime,Historical,English,Hindi,Bengali,Netflix,Prime Video,Disney + Hotstar,4,25,4,10,Racing,Sports,Strategy,Mobile,PC,Console,Sometimes,Instagram,X/Twitter,WhatsApp,450,DIY/Coding,No,Pop,Lo-fi,Rock,6,English,Bengali,5,Sometimes,Fiction,Tech,Sci-Fi,15,1200,Mixed,3,2,Trekking,Beach,Pilgrimage,50000,2,Cricket,Painting,Coding Club,Robotics Club,25,4,3,3,4,3
 21,175,77,Indian,Bengali,Mughlai,2,Non-Veg,10,150,4,Coffee,Comedy,Thriller,Animation,Anime,Crime,Siticom,Hindi,Bengali,English,YouTube,Prime Video,Disney + Hotstar,4,25,2,2,Strategy,FPS,MOBA,Console,Mobile,PC,Sometimes,WhatsApp,X/Twitter,LinkedIn,100,News,Occasional,Pop,Indie,Rock,3,Hindi,English,1,Regularly,Self-Help,Tech,Biography,30,200,Mixed,3,10,Trekking,Pilgrimage,Beach,10000,4,Coding,Music,Coding Club,Entrepreneurship Cell,20,3,4,3,5,3
 20,152,45,Italian,Mughlai,Continental,5,Non-Veg,2,300,1,Coffee,Thriller,Horror,Romance,Crime,Siticom,Teen,English,Hindi,Others,Netflix,Prime Video,Disney + Hotstar,3,10,2,4,Casual,Puzzle,Racing,Mobile,PC,Console,Sometimes,Instagram,WhatsApp,YouTube,200,Memes,No,Pop,Bollywood,Rock,2,English,Hindi,1,Regularly,Fiction,Biography,Fantasy,20,0,Mostly Offline,5,1,City,Road Trip,Trekking,15000,4,Writing,Photography,Literary Club,Literary Club,2,2,3,5,3,4
 20,160,51,Chinese,Indian,Street Food,2,Non-Veg,4,200,3,Coffee,Drama,Thriller,Horror,Crime,Historical,K-Drama,English,Others,Bengali,Netflix,Prime Video,Disney + Hotstar,6,30,0,0,Puzzle,Casual,Sports,PC,Mobile,PC,Never,Instagram,WhatsApp,YouTube,400,Memes,Occasional,Bollywood,Classical,Indie,5,English,Hindi,5,Regularly,Fiction,Self-Help,Fiction,8,2000,Mostly Online,5,6,Trekking,Beach,Road Trip,20000,5,Dance,Painting,Cultural Club,Coding Club,5,1,2,4,4,5
 20,153,55,Bengali,Korean,Street Food,2,Non-Veg,2,150,3,Tea,Horror,Romance,Thriller,K-Drama,Siticom,Crime,English,Hindi,Others,Netflix,Prime Video,Disney + Hotstar,2,13,1,2,Puzzle,Casual,Strategy,Mobile,Mobile,Mobile,Sometimes,Instagram,WhatsApp,Snapchat,400,Memes,No,Pop,Bollywood,Indie,6,English,Other,2,Regularly,Fiction,Fantasy,Sci-Fi,9,500,Mostly Online,3,2,Trekking,Beach,Road Trip,8000,5,Dance,Writing,Cultural Club,Music Club,9,3,4,3,2,3
 20,160,50,Indian,South Indian,Chinese,3,Veg,2,100,4,Both,Animation,Action,Drama,Anime,Fantasy,Historical,English,Hindi,Others,JioCinema,Disney + Hotstar,YouTube,2,30,0,0,Casual,Racing,FPS,Mobile,PC,Console,Never,You Tube,Instagram,Facebook,600,Memes,No,Bollywood,Classical,Indie,1,Hindi,English,0,Sometimes,Fiction,Non-Fiction,Biography,3,200,Mixed,2,0,Road trip,City,Cultural,1000,1,Music,Coding,Coding Club,Drama Club,1,1,1,2,1,1
 20,180,90,Bengali,Indian,Italian,4,Non-Veg,3,100,3,Tea,Animation,Sci-fi,Action,Anime,Fantasy,Historical,Bengali,Hindi,English,YouTube,Disney + Hotstar,Prime Video,3,21,2,21,Strategy,Sports,Racing,PC,Console,Mobile,Sometimes,You Tube,Facebook,WhatsApp,60,Memes,No,Classical,Devotional,Lo-fi,1,Bengali,Hindi,1,Regularly,Fantasy,Fiction,Sci-Fi,20,2000,Mixed,2,2,Cultural,Road Trip,Trekking,15000,3,Cricket,Writing,Music Club,Entrepreneurship Cell,14,2,3,2,3,4
 20,152,65,Bengali,Mughlai,Street Food,4,Non-Veg,6,60,1,Both,Horror,Action,Comedy,Crime,Fantasy,K-Drama,English,Hindi,Bengali,Netflix,Prime Video,YouTube,5,3,7,4,MOBA,FPS,Casual,Mobile,PC,Console,Sometimes,WhatsApp,YouTube,Instagram,360,Memes,Occasional,Bollywood,Classical,Pop,4,Hindi,Tamil,0,Regularly,Fiction,Fantasy,Non-Fiction,20,500,Mixed,5,2,City,Beach,Road Trip,20000,1,Coding,Painting,Coding Club,Literary Club,10,4,4,4,5,3
 21,170,54,Bengali,Indian,Mughlai,5,Non-Veg,3,100,3,Tea,Drama,Thriller,Animation,K-Drama,Anime,Historical,English,Hindi,Bengali,Prime Video,Netflix,Disney + Hotstar,4,7,0,0,Racing,Puzzle,Strategy,PC,Console,Cloud,Sometimes,Instagram,YouTube,Snapchat,240,Memes,Occasional,Pop,Bollywood,Classical,3,English,Bengali,1,Sometimes,Fiction,Self-Help,Non-Fiction,2,600,Mixed,3,1,Beach,Road Trip,Cultural,5000,2,Music,Painting,Cultural Club,Music Club,2,2,2,3,4,3
 20,155,50,Indian,Bengali,Bengali,1,Non-Veg,7,100,4,Both,Thriller,Horror,Romance,Fantasy,Crime,Fantasy,Hindi,Bengali,English,Netflix,YouTube,Prime Video,5,25,0,0,Casual,Puzzle,Casual,Mobile,Mobile,Mobile,Often,Instagram,WhatsApp,YouTube,300,Lifesyle,Regular,Bollywood,Hip-Hop,Lo-fi,6,Hindi,Bengali,3,Sometimes,Fiction,Fantasy,Self-Help,8,2000,Mixed,5,8,Trekking,Beach,Road Trip,100000,3,Dance,Photography,Music Club,Cultural Club,20,3,2,3,2,5
 23,175,66,Bengali,Street Food,Chinese,2,Non-Veg,3,150,5,Both,Action,Romance,Sci-Fi,Fantasy,Crime,Historical,Hindi,Hindi,English,Prime Video,YouTube,SOnyLIV,2,3,7,21,FPS,FPS,Strategy,Mobile,Mobile,Mobile,Sometimes,Instagram,WhatsApp,YouTube,30,News,No,Lo-fi,Bollywood,EDM,1,Hindi,Bengali,0,Sometimes,Self-Help,Tech,Biography,3,4000,Mixed,2,2,Beach,Trekking,Road Trip,150000,1,Music,Cricket,Music Club,Sports Club,7,4,4,3,2,1
 20,181,66,Bengali,Street Food,Mexican,4,Non-Veg,3,200,5,Both,Action,Sci-fi,Thriller,Crime,Siticom,Historical,English,Hindi,Bengali,Netflix,Prime Video,YouTube,2,10,5,5,Racing,Sports,Puzzle,Mobile,Mobile,Mobile,Sometimes,Instagram,WhatsApp,YouTube,400,Lifesyle,No,Bollywood,Pop,Hip-Hop,6,English,Hindi,1,Sometimes,Fantasy,Tech,Sci-Fi,2,500,Mixed,5,1,Beach,City,Beach,8000,4,Debate,Coding,Entrepreneurship Cell,Cultural Club,5,4,5,3,5,5
 21,182,66,Indian,Bengali,Continental,4,Non-Veg,4,299,3,Tea,Thriller,Sci-fi,Horror,Crime,Crime,Fantasy,English,Hindi,Bengali,Netflix,Prime Video,Disney + Hotstar,5,30,5,15,FPS,MOBA,Sports,PC,Mobile,Console,Sometimes,Instagram,YouTube,X/Twitter,120,Educational,No,Bollywood,Pop,Lo-fi,1,English,Hindi,2,Sometimes,Fiction,Non-Fiction,Tech,2,1500,Mostly Online,5,3,City,Beach,Road Trip,6000,4,Cricket,Gym,Sports Club,Coding Club,4,3,3,3,3,5
 19,163,48,Bengali,Indian,Bengali,3,Non-Veg,4,150,2,Tea,Thriller,Thriller,Horror,Teen,Historical,Historical,Hindi,English,Hindi,Disney + Hotstar,Disney + Hotstar,YouTube,5,3,1,1,Puzzle,Sports,Puzzle,Mobile,Mobile,Mobile,Never,WhatsApp,LinkedIn,Instagram,35,Lifesyle,No,Lo-fi,Lo-fi,Lo-fi,4,Hindi,Bengali,0,Regularly,Biography,Self-Help,Tech,10,500,Mixed,3,5,Trekking,Road Trip,Beach,5000,4,Painting,Badminton,Coding Club,Coding Club,5,4,2,2,3,5
 21,150,49,Bengali,Indian,Korean,4,Non-Veg,7,100,1,Coffee,Drama,Horror,Romance,K-Drama,Teen,Anime,English,Hindi,Bengali,Netflix,Disney + Hotstar,Prime Video,2,8,2,2,Puzzle,Racing,Casual,Mobile,PC,Mobile,Never,Instagram,Facebook,YouTube,540,Lifesyle,Regular,Bollywood,Classical,Pop,1,English,Punjabi,6,Sometimes,Fiction,Fiction,Fiction,0,1000,Mixed,5,2,Beach,City,Road Trip,5000,3,Painting,Photography,Music Club,Cultural Club,0,2,2,3,5,5
 20,155,49,Indian,Chinese,Bengali,4,Non-Veg,3,200,4,Both,Romance,Comedy,Thriller,K-Drama,Historical,Fantasy,English,Hindi,Bengali,Netflix,YouTube,Disney + Hotstar,3,12,1,1,Puzzle,Racing,Casual,Mobile,PC,Cloud,Never,Instagram,Facebook,WhatsApp,250,Memes,Occasional,Bollywood,Lo-fi,Indie,4,English,Hindi,0,No,Fiction,Tech,Fantasy,0,1000,Mixed,5,4,Trekking,Beach,Road Trip,5000,5,Music,Photography,Drama Club,Music Club,4,3,4,2,3,5
 20,171,49,Street Food,Indian,Vegan,1,Non-Veg,6,100,4,Tea,Thriller,Horror,Sci-Fi,Crime,Anime,K-Drama,Hindi,English,Others,Prime Video,Netflix,YouTube,3,14,5,2,Racing,Puzzle,Casual,Mobile,Mobile,Cloud,Sometimes,Instagram,YouTube,LinkedIn,180,Memes,No,Bollywood,Lo-fi,Hip-Hop,1,Hindi,Punjabi,3,Sometimes,Self-Help,Sci-Fi,Non-Fiction,7,500,Mostly Online,2,4,Road trip,City,Cultural,3000,4,Writing,Badminton,Music Club,Cultural Club,1,4,5,4,5,5
 19,171,60,Bengali,South Indian,Continental,3,Non-Veg,6,200,5,Tea,Romance,Comedy,Action,Fantasy,Crime,Historical,Bengali,Hindi,English,Netflix,SonyLIV,YouTube,5,40,7,45,FPS,MOBA,Strategy,Mobile,PC,Cloud,Sometimes,Instagram,WhatsApp,YouTube,260,Memes,Occasional,Bollywood,Pop,Lo-fi,2,Hindi,Bengali,2,Sometimes,Fantasy,Self-Help,Fiction,9,999,Mostly Offline,4,12,Road trip,City,Beach,15000,2,Photography,Theatre,Entrepreneurship Cell,Coding Club,18,4,4,3,5,4
 20,150,52,Bengali,Italian,Chinese,5,Non-Veg,3,200,3,Both,Action,Thriller,Sci-Fi,Crime,Teen,Historical,English,Hindi,Bengali,Netflix,Disney + Hotstar,ZEE5,2,10,1,3,Racing,Strategy,RPG,Mobile,Mobile,Mobile,Never,WhatsApp,Instagram,YouTube,400,Music,Occasional,Rock,Bollywood,Classical,5,Bengali,Hindi,2,Sometimes,Non-Fiction,Self-Help,Fantasy,5,300,Mixed,5,1,Trekking,Pilgrimage,Road Trip,8000,4,Music,Debate,Music Club,Coding Club,10,5,4,5,5,5
 21,165,50,Indian,Street Food,Italian,5,Non-Veg,8,200,1,Coffee,Comedy,Romance,Biopic,Fantasy,Historical,Siticom,English,Hindi,Others,Netflix,Disney + Hotstar,Prime Video,5,35,1,1,Racing,Sports,Strategy,Mobile,PC,Console,Never,Instagram,WhatsApp,Snapchat,550,Music,No,Bollywood,EDM,Devotional,5,Hindi,English,2,Regularly,Fiction,Fantasy,Self-Help,50,500,Mixed,3,5,Road trip,Trekking,Beach,15000,3,Cricket,Music,Sports Club,Coding Club,10,3,5,5,5,1
 20,179,80,Indian,Street Food,Street Food,5,Eggitarian,2,50,4,Tea,Thriller,Horror,Sci-Fi,Crime,Historical,Teen,Others,Hindi,English,YouTube,Disney + Hotstar,JioCinema,3,10,7,30,Strategy,Casual,Sports,Mobile,PC,Console,Sometimes,Instagram,Facebook,YouTube,840,Memes,No,Devotional,Classical,Lo-fi,1,Hindi,Other,0,Sometimes,Fiction,Sci-Fi,Biography,2,1500,Mixed,4,3,City,Cultural,Road Trip,5000,2,Gym,Cricket,Sports Club,Robotics Club,14,4,5,4,5,4
 27,164,80,Italian,Thai,Chinese,5,Vegan,10,5000,5,Both,Romance,Animation,Sci-Fi,Teen,K-Drama,Crime,English,Others,Hindi,Netflix,YouTube,Disney + Hotstar,7,50,7,70,Racing,Strategy,Casual,PC,Mobile,Console,Sometimes,Reddit,Snapchat,Telegram,800,Memes,Regular,EDM,Hip-Hop,Devotional,10,English,Hindi,2,Sometimes,Sci-Fi,Fantasy,Fiction,10,10000,Mixed,5,10,Beach,City,Trekking,200000,5,Football,Music,Drama Club,Coding Club,10,5,5,5,1,5
 21,179,68,Mughlai,Indian,Chinese,4,Non-Veg,4,400,3,Tea,Action,Comedy,Thriller,Crime,Historical,Historical,English,Hindi,Bengali,Netflix,Prime Video,JioCinema,2,5,2,3,Sports,Racing,Puzzle,Mobile,PC,Cloud,Sometimes,WhatsApp,Instagram,Telegram,180,Memes,No,Bollywood,Pop,Lo-fi,2,Others,Hindi,0,Regularly,Fiction,Non-Fiction,Biography,3,2,Mixed,3,3,City,Road Trip,Beach,5000,3,Cricket,Music,Music Club,Sports Club,10,3,5,3,3,5
 19,163,62,Indian,Chinese,Italian,5,Non-Veg,5,200,5,Both,Thriller,Drama,Romance,Crime,Anime,K-Drama,English,Hindi,Bengali,Netflix,Prime Video,YouTube,2,5,0,0,Casual,Strategy,Puzzle,PC,Mobile,Cloud,Sometimes,You Tube,X/Twitter,Instagram,11,Educational,No,Hip-Hop,Pop,Indie,6,English,Hindi,0,Sometimes,Fiction,Non-Fiction,Tech,20,500,Mixed,3,1,City,Beach,Road Trip,5000,1,Music,Coding,Music Club,Coding Club,20,3,3,5,5,2
 30,200,100,Mediterranean,Thai,Korean,5,Jain,10,90000,5,Neither Tea nor coffee,Horror,Thriller,Animation,Historical,Crime,Anime,Hindi,English,Bengali,Disney + Hotstar,YouTube,ZEE5,1,5,7,80,RPG,FPS,Racing,PC,Mobile,Cloud,Often,Instagram,Reddit,Snapchat,700,Lifesyle,Regular,Bollywood,Devotional,Rock,10,Tamil,Telegu,10,No,Fantasy,Biography,Fantasy,0,2000,Mostly Online,5,10,Trekking,Cultural,Beach,99999,5,Football,Yoga,Coding Club,Robotics Club,28,4,2,5,4,4
 21,168,54,Bengali,Italian,Mughlai,5,Non-Veg,3,50,5,Both,Thriller,Sci-fi,Comedy,Crime,Fantasy,Siticom,Bengali,English,Hindi,Netflix,Disney + Hotstar,YouTube,5,16,3,7,Strategy,Puzzle,Casual,Mobile,Mobile,Mobile,Sometimes,Instagram,WhatsApp,Telegram,150,Memes,No,Bollywood,Indie,Devotional,4,Bengali,Hindi,0,Regularly,Fiction,Fantasy,Sci-Fi,50,1500,Mostly Offline,5,4,Beach,Trekking,City,15000,3,Writing,Cricket,Literary Club,Cultural Club,30,4,4,5,5,3
 20,157,50,Bengali,South Indian,Korean,5,Non-Veg,4,300,3,Both,Thriller,Horror,Drama,Crime,K-Drama,Teen,Bengali,Hindi,English,YouTube,Netflix,Disney + Hotstar,2,20,0,1,Sports,Racing,Puzzle,Mobile,Mobile,Mobile,Sometimes,Instagram,WhatsApp,YouTube,200,Educational,Occasional,Bollywood,Indie,Devotional,2,Hindi,Bengali,0,Sometimes,Fiction,Tech,Sci-Fi,2,5,Mixed,3,1,City,Beach,Trekking,30000,3,Music,Coding,Music Club,Coding Club,30,1,5,5,2,5
 20,150,80,Bengali,South Indian,Bengali,2,Non-Veg,6,150,2,Coffee,Animation,Horror,Animation,Historical,Anime,Siticom,English,Marathi,Telegu,JioCinema,Prime Video,SOnyLIV,4,2,4,30,Racing,Sports,FPS,PC,Cloud,PC,Often,Facebook,Snapchat,Instagram,500,DIY/Coding,Occasional,Hip-Hop,Indie,Lo-fi,10,Hindi,English,2,No,Non-Fiction,Fantasy,Biography,40,1000,Mixed,2,7,City,City,Road Trip,50000,2,Badminton,Painting,Music Club,Cultural Club,30,1,2,4,5,3
 20,178,70,Indian,Mughlai,Chinese,3,Non-Veg,2,100,3,Tea,Action,Comedy,Sci-Fi,Crime,Historical,Anime,Hindi,English,Bengali,Netflix,Disney + Hotstar,YouTube,2,15,0,0,Sports,Racing,Casual,Mobile,PC,Mobile,Never,You Tube,LinkedIn,WhatsApp,240,Memes,Occasional,Bollywood,Hip-Hop,Lo-fi,2,Hindi,Bengali,2,Regularly,Fiction,Sci-Fi,Fantasy,5,40,Mixed,3,4,Trekking,Beach,Road Trip,10000,3,Music,Photography,Music Club,Drama Club,5,4,4,3,4,3
 20,178,73,Indian,Mughlai,Street Food,3,Non-Veg,1,100,4,Tea,Thriller,Sci-fi,Action,Fantasy,Crime,Historical,English,Hindi,Others,Netflix,Prime Video,Disney + Hotstar,2,10,1,2,Sports,Racing,Strategy,Mobile,Mobile,Cloud,Sometimes,Instagram,YouTube,Facebook,120,Educational,Occasional,Bollywood,Classical,Devotional,1,Hindi,English,0,Sometimes,Self-Help,Tech,Fiction,3,600,Mostly Online,3,2,City,Road Trip,City,2000,2,Coding,Football,Coding Club,Sports Club,7,2,4,2,4,4
 21,165,71,Chinese,Indian,Bengali,1,Non-Veg,10,250,5,Both,Romance,Action,Comedy,Fantasy,Historical,Crime,Hindi,English,English,Disney + Hotstar,JioCinema,SOnyLIV,2,4,7,4,FPS,Casual,Racing,Mobile,PC,Console,Never,Instagram,YouTube,Facebook,100,Lifesyle,Occasional,Bollywood,Lo-fi,Devotional,1,Hindi,Hindi,2,Sometimes,Tech,Fiction,Self-Help,0,500,Mixed,3,4,Trekking,Beach,Pilgrimage,10000,2,Music,Cricket,Coding Club,Robotics Club,2,4,5,5,4,3
 20,163,57,Indian,Korean,Street Food,4,Veg,2,500,1,Tea,Romance,Comedy,Thriller,Fantasy,K-Drama,Teen,English,Hindi,Others,Netflix,Disney + Hotstar,YouTube,3,30,2,10,Puzzle,Racing,Casual,Mobile,Cloud,PC,Never,WhatsApp,Instagram,Snapchat,360,Music,No,Bollywood,Hip-Hop,Lo-fi,6,English,Hindi,1,No,Fantasy,Self-Help,Fiction,0,1000,Mostly Online,3,4,Road trip,City,Road Trip,5000,4,Music,Theatre,Music Club,Drama Club,1,3,5,2,5,3
 20,162,46,Bengali,Indian,Street Food,5,Non-Veg,10,150,2,Both,Thriller,Romance,Comedy,Crime,Fantasy,Teen,Bengali,Hindi,English,Netflix,YouTube,Prime Video,3,15,1,4,Racing,Puzzle,Casual,Mobile,PC,Console,Never,WhatsApp,Instagram,LinkedIn,300,News,No,Bollywood,Classical,Pop,8,Hindi,Bengali,2,Sometimes,Non-Fiction,Fantasy,Biography,24,500,Mixed,3,5,Trekking,Road Trip,Beach,5000,1,Dance,Hackathons,Cultural Club,Coding Club,28,4,5,3,4,3
 20,165,55,Indian,Indian,Continental,4,Non-Veg,1,150,4,Both,Action,Comedy,Biopic,Crime,Anime,Fantasy,Hindi,Bengali,English,Disney + Hotstar,YouTube,Prime Video,4,24,1,4,Sports,Puzzle,FPS,Mobile,Mobile,Mobile,Sometimes,Instagram,X/Twitter,Facebook,4,Memes,No,Bollywood,Classical,Indie,1,Bengali,Hindi,2,Sometimes,Biography,Self-Help,Fantasy,5,400,Mixed,3,2,Beach,City,Road Trip,70000,5,Cricket,Photography,Sports Club,Drama Club,15,1,4,3,4,5
 20,167,90,Indian,Mughlai,Chinese,3,Non-Veg,1,500,2,Both,Horror,Comedy,Thriller,Crime,Fantasy,Siticom,English,Hindi,Bengali,Netflix,Prime Video,ZEE5,5,20,2,10,Racing,Casual,Puzzle,Mobile,PC,Cloud,Often,Instagram,WhatsApp,YouTube,500,Music,No,Bollywood,Classical,Devotional,4,English,Hindi,1,Regularly,Fantasy,Non-Fiction,Self-Help,15,2000,Mostly Offline,4,10,Beach,Road Trip,Cultural,"30,000",4,Dance,Music,Cultural Club,Music Club,25,1,2,3,2,4
 22,173,72,Bengali,Indian,Vegan,3,Veg,4,100,3,Both,Action,Horror,Comedy,Crime,Historical,Anime,English,Bengali,Hindi,Netflix,Disney + Hotstar,YouTube,3,10,4,10,MOBA,RPG,FPS,Mobile,PC,Console,Often,WhatsApp,Instagram,YouTube,100,DIY/Coding,No,Bollywood,Classical,Devotional,3,Bengali,Hindi,0,Sometimes,Fiction,Tech,Sci-Fi,5,500,Mostly Online,3,4,Beach,Road Trip,City,4000,3,Cricket,Music,Sports Club,Music Club,10,3,3,3,3,3
 21,170,60,Bengali,Indian,Continental,3,Non-Veg,4,100,3,Both,Action,Drama,Comedy,Anime,Fantasy,Crime,Bengali,English,Hindi,YouTube,Netflix,JioCinema,0,20,6,30,FPS,Puzzle,Sports,Mobile,PC,Console,Often,Instagram,WhatsApp,YouTube,200,Memes,No,Classical,Rock,Lo-fi,2,Bengali,Punjabi,0,No,Fiction,Non-Fiction,Tech,25,1000,Mixed,1,5,Trekking,Pilgrimage,Road Trip,2000,3,Robotics,Photography,Robotics Club,Drama Club,20,3,1,2,3,3
 21,180,85,Mughlai,Indian,Bengali,3,Non-Veg,3,500,3,Both,Horror,Thriller,Comedy,Anime,Crime,Fantasy,English,Hindi,Bengali,Netflix,Disney + Hotstar,YouTube,7,35,7,7,FPS,Strategy,Casual,Mobile,PC,Console,Sometimes,You Tube,Reddit,Instagram,90,Memes,No,Indie,Classical,Pop,2,Hindi,Bengali,0,Sometimes,Fiction,Fantasy,Non-Fiction,23,500,Mixed,3,12,City,Road Trip,Cultural,10000,3,Music,Photography,Music Club,Coding Club,10,2,3,3,4,3
 20,166,58,Indian,Chinese,Korean,4,Non-Veg,1,300,2,Both,Thriller,Action,Animation,Anime,Historical,Fantasy,Hindi,English,Bengali,YouTube,Disney + Hotstar,SOnyLIV,0,4,0,0,Sports,Racing,Puzzle,Console,Mobile,Mobile,Never,WhatsApp,LinkedIn,Telegram,15,Educational,Occasional,Devotional,Pop,Rock,1,English,Hindi,2,Sometimes,Fiction,Non-Fiction,Fantasy,6,0,Mostly Online,2,0,Road trip,Beach,Cultural,50000,1,Badminton,Music,Robotics Club,Entrepreneurship Cell,3,3,3,2,3,1
 20,176,70,Indian,South Indian,Italian,4,Vegan,1,99,5,Both,Scie-fi,Action,Thriller,Crime,Crime,Fantasy,Hindi,English,English,Netflix,Prime Video,YouTube,0,2,0,0,Strategy,Puzzle,Racing,PC,PC,Mobile,Never,You Tube,LinkedIn,WhatsApp,99,Educational,Regular,Classical,Bollywood,Rock,1,Hindi,English,0,Regularly,Self-Help,Tech,Biography,10,100,Mixed,1,2,Road trip,Trekking,Cultural,10000,3,Photography,Theatre,Coding Club,Entrepreneurship Cell,5,5,5,5,5,3
 20,182,55,Bengali,Italian,Mexican,5,Non-Veg,5,400,5,Tea,Thriller,Action,Sci-Fi,Anime,Crime,Fantasy,Bengali,English,Hindi,Netflix,Prime Video,Disney + Hotstar,2,4,7,1,Sports,RPG,Racing,Mobile,PC,Console,Sometimes,WhatsApp,Instagram,LinkedIn,6,DIY/Coding,Regular,EDM,Lo-fi,Classical,4,English,Bengali,3,Sometimes,Tech,Fantasy,Fantasy,2,100,Mixed,4,4,Beach,Pilgrimage,Road Trip,70000,3,Hackathons,Coding,Coding Club,Robotics Club,30,3,4,4,5,3
 22,170,52,Bengali,Indian,Street Food,2,Veg,3,50,3,Tea,Thriller,Comedy,Romance,Crime,Crime,Historical,Hindi,Hindi,Bengali,YouTube,Disney + Hotstar,Netflix,1,10,0,0,Casual,Casual,Casual,Mobile,Mobile,Mobile,Never,You Tube,WhatsApp,Facebook,300,Music,No,Bollywood,Classical,Devotional,2,Bengali,Hindi,0,Regularly,Fiction,Non-Fiction,Tech,12,300,Mixed,3,2,Road trip,Beach,Trekking,1000,2,Cricket,Football,Cultural Club,Sports Club,8,3,3,4,4,3
 21,170,47,Bengali,Chinese,Indian,3,Non-Veg,1,35,3,Tea,Drama,Comedy,Thriller,Crime,Anime,Historical,Hindi,English,Others,Netflix,Prime Video,Disney + Hotstar,3,30,5,10,Strategy,FPS,Casual,Mobile,Mobile,Mobile,Never,You Tube,Instagram,Telegram,190,Educational,No,Pop,Bollywood,Classical,1,Hindi,Punjabi,1,Sometimes,Tech,Tech,Tech,5,50,Mostly Offline,3,3,Beach,City,Cultural,1000,2,Football,Coding,Sports Club,Sports Club,9,4,4,5,5,3
 23,182,75,Bengali,Indian,Chinese,5,Non-Veg,1,50,5,Both,Action,Romance,Horror,Historical,Fantasy,Crime,Hindi,English,Bengali,Netflix,YouTube,Disney + Hotstar,5,20,3,40,Sports,MOBA,Racing,Mobile,PC,Cloud,Sometimes,WhatsApp,YouTube,Instagram,500,Memes,No,Indie,Classical,Bollywood,5,English,Hindi,6,No,Tech,Self-Help,Non-Fiction,30,500,Mixed,4,2,Trekking,Road Trip,Cultural,2000,2,Photography,Coding,Coding Club,Sports Club,30,3,4,4,3,5
 21,180,68,Bengali,Indian,Street Food,4,Non-Veg,3,100,3,Coffee,Animation,Romance,Comedy,Anime,Crime,Historical,English,Hindi,Bengali,YouTube,Disney + Hotstar,JioCinema,4,14,7,1,Sports,Casual,Strategy,Mobile,PC,Console,Sometimes,WhatsApp,Telegram,YouTube,90,Music,Occasional,Indie,Classical,Bollywood,1,Hindi,Bengali,0,Sometimes,Self-Help,Fiction,Non-Fiction,4,500,Mostly Online,5,1,Road trip,City,Beach,2000,1,Cricket,Coding,Sports Club,Coding Club,4,1,3,3,4,3
 21,167,110,Indian,South Indian,Bengali,5,Non-Veg,1,200,3,Both,Action,Documentary,Biopic,Historical,Crime,Fantasy,English,Bengali,Others,YouTube,JioCinema,Disney + Hotstar,0,1,1,1,FPS,Strategy,Casual,Mobile,PC,Cloud,Never,You Tube,Facebook,Instagram,300,News,No,Bollywood,Hip-Hop,EDM,2,Hindi,English,0,Sometimes,Self-Help,Tech,Biography,4,500,Mostly Online,5,1,City,Pilgrimage,Road Trip,1000,3,Gym,Photography,Literary Club,Cultural Club,4,5,3,4,5,1
 21,170,60,Bengali,Indian,Chinese,5,Non-Veg,2,200,1,Tea,Animation,Comedy,Sci-Fi,Anime,Historical,Crime,Bengali,English,Hindi,Prime Video,Netflix,Disney + Hotstar,2,24,7,28,FPS,Sports,Casual,Mobile,PC,Console,Often,WhatsApp,YouTube,X/Twitter,180,Memes,No,Bollywood,Classical,Pop,2,Bengali,Hindi,2,Sometimes,Sci-Fi,Fiction,Fantasy,5,150,Mixed,1,1,Trekking,Pilgrimage,Cultural,10000,4,Football,Cricket,Sports Club,Coding Club,4,3,5,3,5,2
 21,180,62,Bengali,Street Food,Chinese,3,Non-Veg,1,100,5,Both,Thriller,Biopic,Comedy,Crime,Historical,Siticom,Hindi,Bengali,English,Disney + Hotstar,Prime Video,SOnyLIV,1,3,3,7,FPS,Sports,Strategy,Mobile,PC,Console,Sometimes,Instagram,YouTube,WhatsApp,80,Memes,Regular,Bollywood,Classical,Rock,2,Bengali,Hindi,1,No,Biography,Self-Help,Tech,1,300,Mixed,5,1,Trekking,Road Trip,City,8000,1,Cricket,Gym,Sports Club,Entrepreneurship Cell,20,5,5,5,5,5
 20,183,58,Bengali,Street Food,Indian,3,Veg,1,130,3,Tea,Horror,Comedy,Animation,Historical,Crime,Anime,Bengali,English,Hindi,YouTube,Disney + Hotstar,ZEE5,1,1,0,0,Racing,Casual,Sports,Mobile,PC,Cloud,Never,You Tube,WhatsApp,LinkedIn,3,Music,Regular,Bollywood,Classical,Devotional,2,Hindi,Bengali,1,Sometimes,Sci-Fi,Fiction,Biography,0,0,Mixed,1,2,Pilgrimage,Cultural,Road Trip,,1,Music,Badminton,Music Club,Cultural Club,0,3,4,5,5,5
 20,180,80,Indian,Street Food,Bengali,2,Non-Veg,1,100,5,Coffee,Thriller,Horror,Romance,Crime,Historical,Fantasy,Hindi,English,Others,Netflix,Disney + Hotstar,Prime Video,1,5,2,6,FPS,Casual,Puzzle,Mobile,PC,Console,Sometimes,WhatsApp,Instagram,X/Twitter,200,Gaming,Occasional,Hip-Hop,Devotional,Indie,1,Hindi,English,0,Sometimes,Self-Help,Fiction,Non-Fiction,1,0,Mostly Offline,1,2,Road trip,City,Cultural,3000,3,Music,Hackathons,Entrepreneurship Cell,Coding Club,10,3,3,3,3,1
 20,178,72,Indian,South Indian,Street Food,4,Non-Veg,1,50,3,Coffee,Scie-fi,Action,Comedy,Anime,Fantasy,Crime,English,Hindi,Bengali,Disney + Hotstar,YouTube,ZEE5,0,0,7,50,FPS,RPG,Racing,PC,Mobile,Console,Never,WhatsApp,Instagram,YouTube,60,Memes,No,Bollywood,Pop,Rock,10,English,Hindi,0,Regularly,Sci-Fi,Non-Fiction,Self-Help,41,0,Mixed,1,2,Beach,Trekking,Road Trip,15000,1,Gym,Music,Sports Club,Music Club,15,5,5,5,5,1
 21,160,53,Bengali,Street Food,Indian,2,Non-Veg,1,100,3,Both,Comedy,Horror,Drama,Crime,K-Drama,Historical,Bengali,Hindi,English,Netflix,JioCinema,YouTube,2,10,1,2,Sports,Puzzle,Casual,Mobile,PC,Console,Never,Instagram,Facebook,LinkedIn,200,Lifesyle,No,Bollywood,Classical,Devotional,1,Bengali,Hindi,0,Sometimes,Biography,Fiction,Self-Help,20,1500,Mixed,3,4,Trekking,Beach,City,40000,3,Painting,Music,Cultural Club,Coding Club,15,2,1,3,3,5
 22,174,82,Indian,Indian,Indian,1,Non-Veg,2,399,1,Coffee,Action,Action,Action,Crime,Crime,Crime,Hindi,Hindi,Hindi,YouTube,YouTube,YouTube,0,5,7,5,Sports,Sports,Sports,Mobile,Mobile,Mobile,Sometimes,Instagram,WhatsApp,Facebook,40,News,No,Bollywood,Bollywood,Bollywood,1,Hindi,Bengali,0,Regularly,Biography,Self-Help,Tech,25,1000,Mixed,3,2,Beach,City,Beach,10000,3,Cricket,Gym,Sports Club,Sports Club,35,3,5,3,5,4
 20,174,51,Indian,Bengali,Italian,3,Non-Veg,2,200,3,Tea,Romance,Thriller,Drama,Fantasy,Anime,Crime,Hindi,English,Bengali,Netflix,Disney + Hotstar,Prime Video,1,2,4,4,FPS,MOBA,Sports,Mobile,PC,Console,Often,Instagram,WhatsApp,YouTube,300,Memes,Occasional,Hip-Hop,Bollywood,Classical,5,English,Hindi,2,Sometimes,Non-Fiction,Tech,Sci-Fi,1,4500,Mostly Online,5,5,Pilgrimage,Beach,City,7000,5,Photography,Cricket,Drama Club,Cultural Club,5,4,4,5,3,4
 21,186,79,South Indian,Bengali,Vegan,2,Non-Veg,1,150,2,Coffee,Thriller,Romance,Sci-Fi,Historical,Fantasy,Crime,Tamil,English,English,Netflix,Prime Video,SOnyLIV,3,20,0,1,Sports,Racing,MOBA,Mobile,PC,Cloud,Often,WhatsApp,YouTube,Instagram,120,Educational,Occasional,Hip-Hop,Classical,Bollywood,1,English,Hindi,2,Regularly,Biography,Sci-Fi,Self-Help,10,1500,Mostly Online,5,1,Road trip,Beach,City,15000,5,Football,Cricket,Sports Club,Music Club,40,5,5,5,2,5
 20,173,57,Bengali,Indian,Street Food,2,Non-Veg,6,70,3,Both,Scie-fi,Comedy,Biopic,Crime,Fantasy,Historical,English,Hindi,Bengali,Netflix,Disney + Hotstar,YouTube,2,20,2,2,Puzzle,Strategy,Casual,Mobile,PC,Console,Sometimes,Instagram,WhatsApp,YouTube,300,News,No,Bollywood,Hip-Hop,Indie,2,Hindi,English,3,Sometimes,Biography,Sci-Fi,Fantasy,4,2000,Mixed,3,3,City,Beach,Road Trip,0,2,Writing,Debate,Cultural Club,Sports Club,10,2,4,4,3,3
 21,186,80,Bengali,Indian,Chinese,4,Non-Veg,1,100,3,Both,Scie-fi,Animation,Comedy,Fantasy,Anime,Crime,English,Hindi,Bengali,Disney + Hotstar,Netflix,Prime Video,2,10,5,40,FPS,RPG,Racing,PC,Mobile,Cloud,Sometimes,Instagram,WhatsApp,Reddit,150,Memes,No,Rock,Bollywood,Pop,2,Bengali,Hindi,1,Sometimes,Fiction,Fantasy,Self-Help,2,500,Mostly Online,3,1,Beach,City,Road Trip,20000,3,Music,Coding,Coding Club,Music Club,5,4,4,3,4,5
 21,165,55,Indian,Bengali,Mughlai,1,Non-Veg,2,350,4,Coffee,Action,Thriller,Romance,Historical,Crime,Fantasy,English,Hindi,Bengali,Disney + Hotstar,Netflix,Prime Video,2,10,4,1,FPS,Strategy,Strategy,Mobile,Console,PC,Sometimes,WhatsApp,Instagram,LinkedIn,150,Educational,No,Bollywood,Devotional,Rock,1,Bengali,English,0,Sometimes,Self-Help,Fiction,Tech,2,1000,Mixed,3,0,Pilgrimage,City,Beach,6000,5,Cricket,Photography,Sports Club,Coding Club,2,3,3,4,4,5
 21,178,68,Italian,Italian,Japanese,4,Non-Veg,1,54,3,Coffee,Comedy,Horror,Animation,Anime,Historical,Anime,Hindi,English,Bengali,YouTube,Netflix,Prime Video,2,9,5,12,RPG,Sports,FPS,PC,Console,Mobile,Sometimes,You Tube,YouTube,WhatsApp,124,Gaming,No,Indie,Lo-fi,Pop,2,English,Hindi,1,Regularly,Fiction,Sci-Fi,Biography,7,1100,Mixed,4,1,Trekking,Cultural,City,12000,3,Football,Gym,Sports Club,Cultural Club,13,2,4,4,5,1
 20,170,80,Indian,Italian,Mexican,2,Non-Veg,1,10000,2,Coffee,Action,Romance,Sci-Fi,Crime,Siticom,Historical,English,Hindi,Bengali,Netflix,Disney + Hotstar,Prime Video,1,5,4,10,FPS,Racing,Sports,PC,Mobile,Console,Sometimes,Instagram,WhatsApp,YouTube,200,News,No,Bollywood,Classical,Indie,5,English,Hindi,6,Sometimes,Non-Fiction,Biography,Tech,10,5000,Mostly Offline,2,2,City,Beach,Trekking,45000,3,Photography,Cricket,Sports Club,Robotics Club,5,1,4,4,5,5
 20,180,58,Indian,Chinese,Street Food,1,Non-Veg,1,120,1,Both,Action,Sci-fi,Biopic,Fantasy,Historical,Teen,Bengali,Hindi,Others,YouTube,Disney + Hotstar,ZEE5,0,6,1,4,Casual,FPS,MOBA,Mobile,PC,Cloud,Sometimes,WhatsApp,Instagram,YouTube,600,Music,Occasional,Rock,Indie,EDM,8,Hindi,Bengali,0,Sometimes,Tech,Sci-Fi,Self-Help,10,10,Mixed,1,1,Cultural,City,Beach,1000,2,Music,Photography,Music Club,Cultural Club,15,1,3,3,4,3
 19,177,70,Bengali,Indian,Street Food,3,Non-Veg,2,250,3,Tea,Romance,Thriller,Action,Crime,Historical,Fantasy,Bengali,English,Hindi,YouTube,Disney + Hotstar,ZEE5,4,7,7,15,Strategy,RPG,Casual,Mobile,Mobile,Mobile,Never,Instagram,YouTube,WhatsApp,480,Educational,Occasional,Bollywood,Lo-fi,Classical,1,Hindi,English,0,Sometimes,Self-Help,Biography,Fantasy,8,900,Mostly Online,2,1,City,Road Trip,Beach,9000,3,Cricket,Gym,Sports Club,Entrepreneurship Cell,15,1,4,3,4,3
 20,173,80,Mughlai,Indian,Chinese,5,Non-Veg,1,150,2,Both,Scie-fi,Animation,Action,Anime,Crime,Historical,English,Others,Bengali,Disney + Hotstar,YouTube,Netflix,0,0,7,20,RPG,FPS,Racing,Mobile,PC,Cloud,Sometimes,Instagram,WhatsApp,LinkedIn,80,Memes,Occasional,Bollywood,Rock,Classical,1,English,Bengali,0,Sometimes,Fiction,Sci-Fi,Tech,50,500,Mostly Online,3,1,Beach,Trekking,City,10000,3,Painting,Gym,Music Club,Coding Club,10,3,4,4,4,2
 20,175,70,Bengali,Mexican,Vegan,5,Eggitarian,1,100,1,Tea,Documentary,Horror,Biopic,Crime,Teen,Fantasy,English,Malayalam,Bengali,Netflix,Prime Video,SOnyLIV,0,2,2,1,Racing,Strategy,Casual,Mobile,Cloud,PC,Sometimes,WhatsApp,Telegram,LinkedIn,30,Educational,No,Classical,Rock,Devotional,0,English,Tamil,2,Sometimes,Tech,Sci-Fi,Biography,18,0,Mostly Offline,1,3,Beach,Trekking,Cultural,10000,2,Debate,Coding,Coding Club,Sports Club,20,3,5,3,4,3
 20,152,65,Bengali,Indian,Japanese,5,Non-Veg,1,500,1,Both,Action,Sci-fi,Horror,Crime,Fantasy,Historical,English,Hindi,Bengali,Netflix,Prime Video,Disney + Hotstar,7,40,7,50,FPS,MOBA,RPG,Mobile,PC,Console,Often,You Tube,WhatsApp,Instagram,0,Music,No,Indie,Pop,Rock,10,English,Other,0,Regularly,Fiction,Non-Fiction,Fiction,10,1500,Mostly Online,3,3,City,Trekking,Beach,2000,3,Painting,Cricket,Coding Club,Robotics Club,30,5,5,5,5,5
 21,185,40,Indian,Indian,Indian,3,Veg,3,99,2,Both,Comedy,Drama,Comedy,Historical,Historical,Historical,Hindi,English,Hindi,Zee5,Netflix,JioCinema,1,2,0,0,Puzzle,Sports,Puzzle,Mobile,Mobile,Mobile,Never,Instagram,WhatsApp,YouTube,200,Educational,No,Bollywood,Classical,Pop,1,Bengali,Hindi,1,No,Fiction,Fiction,Fiction,0,2000,Mixed,1,0,Beach,Pilgrimage,Road Trip,1000,3,Painting,Music,Coding Club,Robotics Club,0,2,3,4,5,3
 20,174,60,Bengali,Indian,Chinese,4,Non-Veg,4,300,3,Tea,Romance,Action,Sci-Fi,Crime,Historical,Teen,English,Hindi,Bengali,Prime Video,Prime Video,YouTube,6,25,3,4,Racing,Sports,Casual,Mobile,PC,Mobile,Often,Instagram,WhatsApp,YouTube,450,Memes,No,Classical,Indie,Bollywood,4,Hindi,English,0,Sometimes,Fiction,Sci-Fi,Fiction,3,0,Mostly Offline,3,3,Trekking,Road Trip,Beach,5000,5,Football,Writing,Coding Club,Robotics Club,10,3,5,5,5,5
 20,160,65,Indian,Chinese,Street Food,3,Non-Veg,1,500,4,Both,Thriller,Horror,Documentary,Crime,Historical,Teen,English,Hindi,Bengali,Prime Video,Netflix,Disney + Hotstar,3,15,2,6,Sports,Puzzle,MOBA,Console,Mobile,Mobile,Sometimes,WhatsApp,Instagram,YouTube,300,News,No,Classical,Bollywood,Indie,2,Hindi,Bengali,0,Regularly,Sci-Fi,Fiction,Biography,28,2000,Mixed,4,5,Trekking,Road Trip,Beach,80000,5,Badminton,Dance,Sports Club,Drama Club,10,2,5,5,5,3
 22,152,53,Bengali,Chinese,Mughlai,4,Non-Veg,1,300,1,Neither Tea nor coffee,Thriller,Horror,Comedy,Crime,K-Drama,Anime,English,English,Bengali,Netflix,Prime Video,YouTube,1,30,0,0,Racing,Puzzle,Casual,Mobile,PC,Cloud,Sometimes,WhatsApp,YouTube,Facebook,60,Educational,Occasional,Bollywood,Lo-fi,Rock,1,Hindi,English,1,Sometimes,Fiction,Sci-Fi,Non-Fiction,20,500,Mixed,1,0,Beach,City,Road Trip,3000,1,Dance,Photography,Cultural Club,Coding Club,30,5,3,3,4,5
 21,172,89,Indian,Mughlai,Chinese,3,Non-Veg,2,499,3,Both,Scie-fi,Action,Thriller,Fantasy,Crime,Anime,Hindi,English,Bengali,Netflix,Disney + Hotstar,Prime Video,3,28,7,28,Sports,FPS,Racing,PC,Mobile,Cloud,Sometimes,WhatsApp,Instagram,YouTube,240,Memes,Occasional,Bollywood,Rock,Lo-fi,3,Hindi,English,1,Sometimes,Fantasy,Fiction,Sci-Fi,2,500,Mostly Offline,3,2,Trekking,Beach,Cultural,70000,4,Coding,Photography,Coding Club,Sports Club,16,4,4,5,5,4
 20,160,44,Indian,Bengali,Chinese,3,Non-Veg,1,299,3,Both,Thriller,Horror,Drama,Crime,K-Drama,Fantasy,Bengali,Hindi,English,Netflix,Prime Video,Disney + Hotstar,0,5,2,1,Puzzle,Casual,Racing,Mobile,PC,Cloud,Never,Instagram,WhatsApp,LinkedIn,300,Memes,No,Bollywood,Classical,Rock,5,Bengali,Hindi,3,Sometimes,Fantasy,Fiction,Self-Help,8,1000,Mixed,3,3,Beach,City,Cultural,1500,3,Painting,Photography,Cultural Club,Coding Club,3,3,3,4,5,3
 22,180,72,Bengali,Indian,Chinese,2,Non-Veg,2,200,3,Coffee,Action,Romance,Comedy,Historical,Crime,Historical,Bengali,Hindi,English,Netflix,Prime Video,ZEE5,3,10,1,15,Sports,Casual,Racing,PC,Mobile,Console,Sometimes,Instagram,WhatsApp,Facebook,550,News,Occasional,Bollywood,Classical,Indie,4,Hindi,Bengali,0,Sometimes,Fiction,Biography,Tech,20,1500,Mixed,2,1,Road trip,Trekking,Beach,30000,2,Cricket,Photography,Sports Club,Cultural Club,5,3,4,2,3,4
 20,165,70,Bengali,Chinese,Indian,4,Non-Veg,1,399,3,Both,Thriller,Sci-fi,Action,Crime,Siticom,Fantasy,Hindi,English,Bengali,Netflix,Disney + Hotstar,YouTube,1,10,6,5,Casual,FPS,RPG,Mobile,Mobile,Cloud,Never,WhatsApp,Instagram,YouTube,100,DIY/Coding,Occasional,Bollywood,Lo-fi,Pop,1,English,Hindi,0,Regularly,Self-Help,Tech,Biography,5,0,Mostly Online,3,1,Beach,Road Trip,Cultural,8000,3,Coding,Gym,Entrepreneurship Cell,Coding Club,40,3,5,5,5,4
 21,167,81,Bengali,Chinese,Street Food,3,Non-Veg,1,150,2,Coffee,Thriller,Comedy,Sci-Fi,Crime,Siticom,Historical,Hindi,Bengali,English,JioCinema,YouTube,Prime Video,1,6,1,2,Casual,Casual,Casual,Mobile,Mobile,Mobile,Sometimes,WhatsApp,Facebook,Instagram,30,Memes,No,Bollywood,Classical,Rock,1,Bengali,Hindi,0,Regularly,Fiction,Non-Fiction,Fantasy,12,800,Mostly Offline,2,1,City,Beach,Pilgrimage,4000,4,Badminton,Writing,Literary Club,Cultural Club,3,2,2,3,4,2
 21,172,80,Bengali,Indian,Mughlai,4,Non-Veg,1,200,2,Both,Action,Sci-fi,Thriller,Historical,Crime,Fantasy,Hindi,English,Bengali,YouTube,JioCinema,Disney + Hotstar,2,54,0,0,MOBA,FPS,Puzzle,Mobile,PC,Cloud,Never,WhatsApp,YouTube,LinkedIn,360,Educational,No,Devotional,Pop,Bollywood,1,English,Hindi,0,Sometimes,Self-Help,Self-Help,Tech,2,4000,Mixed,4,0,City,Cultural,Pilgrimage,4000,4,Photography,Writing,Literary Club,Music Club,3,2,5,4,2,3
 20,160,55,Indian,Chinese,Bengali,2,Non-Veg,3,300,4,Both,Romance,Comedy,Horror,Historical,Siticom,K-Drama,English,Hindi,Bengali,Netflix,Disney + Hotstar,Prime Video,5,30,0,0,FPS,MOBA,Racing,Console,Mobile,Cloud,Never,Instagram,WhatsApp,YouTube,60,Memes,No,Indie,Hip-Hop,EDM,2,English,Hindi,2,No,Fiction,Tech,Sci-Fi,5,600,Mostly Online,5,2,Trekking,Beach,City,10000,1,Writing,Gym,Coding Club,Drama Club,7,2,4,3,4,3
 19,165,62,Bengali,Chinese,Mediterranean,4,Non-Veg,4,250,1,Both,Thriller,Drama,Comedy,Crime,Fantasy,Historical,English,Hindi,English,Netflix,JioCinema,YouTube,0,1,2,5,Casual,Strategy,Puzzle,Mobile,PC,Console,Sometimes,Instagram,YouTube,LinkedIn,180,Lifesyle,Occasional,Bollywood,Devotional,Pop,4,English,Hindi,0,Sometimes,Self-Help,Fantasy,Fiction,12,2000,Mixed,3,3,Beach,City,Road Trip,1500,4,Gym,Music,Music Club,Literary Club,2,3,3,3,4,3
 20,162,56,Bengali,Indian,Chinese,3,Non-Veg,1,100,3,Tea,Thriller,Sci-fi,Action,Fantasy,Siticom,Anime,English,Hindi,Bengali,Netflix,Prime Video,Disney + Hotstar,0,14,3,6,Strategy,Sports,Racing,PC,PC,PC,Never,WhatsApp,X/Twitter,YouTube,240,Memes,No,Classical,Bollywood,Devotional,3,Hindi,Bengali,0,Regularly,Fantasy,Sci-Fi,Fiction,16,1000,Mixed,5,1,Road trip,Trekking,Beach,15000,3,Cricket,Music,Coding Club,Music Club,10,3,5,3,5,5
 16,150,100,Mediterranean,South Indian,Bengali,4,Non-Veg,5,500,2,Coffee,Comedy,Romance,Sci-Fi,Siticom,Fantasy,Historical,English,Hindi,Bengali,Netflix,Prime Video,Disney + Hotstar,3,27,2,2,MOBA,FPS,Sports,Mobile,PC,Console,Sometimes,Instagram,WhatsApp,YouTube,77,Memes,No,Classical,Bollywood,Indie,5,Bengali,Tamil,2,Sometimes,Non-Fiction,Self-Help,Tech,34,600,Mixed,3,5,City,Beach,Pilgrimage,6000,5,Writing,Gym,Cultural Club,Drama Club,6,2,2,4,1,5
 21,182,77,Italian,Continental,Indian,3,Non-Veg,1,60,5,Both,Scie-fi,Horror,Thriller,Anime,Historical,Teen,Hindi,English,Others,Netflix,Disney + Hotstar,YouTube,1,3,0,2,FPS,Sports,Racing,Mobile,PC,Mobile,Never,You Tube,Instagram,WhatsApp,47,Memes,No,Hip-Hop,Indie,Bollywood,8,Hindi,English,0,Sometimes,Sci-Fi,Fiction,Tech,0,0,Mixed,5,0,Trekking,Road Trip,Pilgrimage,80000,1,Music,Football,Sports Club,Coding Club,2,3,4,3,5,5
 22,166,67,Indian,Bengali,Japanese,3,Non-Veg,1,199,3,Coffee,Comedy,Thriller,Animation,Anime,Crime,Teen,English,Others,Bengali,YouTube,Disney + Hotstar,JioCinema,2,20,4,10,Puzzle,Strategy,Casual,Mobile,PC,Mobile,Sometimes,You Tube,WhatsApp,Instagram,100,DIY/Coding,Occasional,Lo-fi,Pop,Classical,1,English,Other,0,Sometimes,Sci-Fi,Fiction,Non-Fiction,10,500,Mostly Offline,4,12,City,Road Trip,Cultural,1000,2,Photography,Dance,Cultural Club,Literary Club,10,4,2,4,4,1
 23,180,85,Bengali,Indian,Chinese,5,Non-Veg,2,100,1,Coffee,Scie-fi,Animation,Comedy,Anime,Fantasy,Crime,English,Bengali,Hindi,Netflix,Prime Video,YouTube,0,5,0,0,FPS,RPG,Casual,PC,PC,PC,Often,WhatsApp,YouTube,WhatsApp,1,Educational,Regular,Lo-fi,Pop,EDM,0,English,Hindi,0,Sometimes,Fiction,Sci-Fi,Fantasy,50,0,Mostly Online,1,0,City,City,City,1000,1,Painting,Music,Coding Club,Cultural Club,40,5,5,5,5,5
 21,160,80,Mughlai,Indian,Bengali,4,Non-Veg,4,399,3,Both,Action,Thriller,Romance,Crime,Historical,Fantasy,Hindi,English,Bengali,Prime Video,Netflix,Disney + Hotstar,5,10,1,2,Sports,Racing,FPS,Mobile,PC,Console,Never,Instagram,WhatsApp,YouTube,200,Lifesyle,Occasional,Bollywood,Rock,Hip-Hop,2,English,Hindi,0,Sometimes,Fiction,Biography,Sci-Fi,5,2000,Mostly Online,4,6,Road trip,Trekking,Beach,8000,2,Photography,Music,Music Club,Sports Club,15,4,4,4,5,5
 19,166,58,Indian,Street Food,Mexican,4,Veg,1,300,3,Both,Comedy,Romance,Action,Siticom,Crime,Teen,Hindi,English,Others,Prime Video,Disney + Hotstar,Netflix,5,15,4,3,Sports,Racing,Puzzle,Mobile,PC,Cloud,Sometimes,Instagram,WhatsApp,YouTube,80,Memes,No,Bollywood,Pop,Hip-Hop,2,Hindi,English,0,Sometimes,Fiction,Fantasy,Non-Fiction,10,1500,Mixed,3,10,Trekking,Cultural,City,15000,3,Dance,Painting,Sports Club,Drama Club,10,5,5,3,5,3
 20,170,60,Indian,Bengali,Italian,2,Non-Veg,1,300,3,Tea,Action,Sci-fi,Thriller,Crime,Historical,Anime,Hindi,English,Others,Netflix,Prime Video,Disney + Hotstar,2,10,3,3,Sports,Racing,Casual,Mobile,PC,Mobile,Sometimes,Instagram,WhatsApp,LinkedIn,3,News,No,Bollywood,Classical,Pop,2,Hindi,Other,0,Sometimes,Non-Fiction,Self-Help,Tech,2,500,Mixed,3,1,Cultural,Beach,Trekking,5000,3,Hackathons,Cricket,Coding Club,Entrepreneurship Cell,10,3,4,2,4,5
 21,180,78,Bengali,Chinese,Korean,5,Non-Veg,1,100,2,Both,Horror,Action,Thriller,Crime,Fantasy,Teen,English,Hindi,Bengali,Netflix,Prime Video,Disney + Hotstar,5,12,0,0,Strategy,FPS,Sports,Mobile,Mobile,Mobile,Never,Instagram,WhatsApp,YouTube,100,Lifesyle,Occasional,Bollywood,Pop,Indie,2,English,Hindi,1,Sometimes,Tech,Fantasy,Non-Fiction,4,1000,Mostly Online,2,2,City,Beach,Trekking,5000,3,Dance,Gym,Sports Club,Sports Club,30,1,4,5,5,4
 21,155,55,Bengali,Mughlai,Korean,5,Non-Veg,3,200,1,Coffee,Horror,Biopic,Drama,Siticom,K-Drama,Anime,English,Hindi,Bengali,Prime Video,YouTube,Disney + Hotstar,7,30,0,0,Casual,Puzzle,Strategy,Mobile,Mobile,Mobile,Sometimes,Instagram,YouTube,WhatsApp,240,Music,Occasional,Hip-Hop,Bollywood,Indie,4,Others,Bengali,0,Sometimes,Fiction,Non-Fiction,Fantasy,3,1000,Mixed,5,2,Beach,Trekking,Road Trip,15000,3,Music,Photography,Drama Club,Music Club,25,1,2,5,5,5
 21,163,75,Italian,Indian,Street Food,5,Non-Veg,7,200,4,Coffee,Action,Sci-fi,Romance,Crime,Fantasy,Anime,English,Hindi,Others,Netflix,YouTube,Disney + Hotstar,7,30,5,5,FPS,Strategy,Puzzle,PC,PC,Mobile,Sometimes,You Tube,WhatsApp,Instagram,400,DIY/Coding,Occasional,Rock,Indie,Hip-Hop,7,English,Hindi,0,Regularly,Fiction,Fantasy,Sci-Fi,22,600,Mostly Online,5,1,Beach,Road Trip,Cultural,,3,Painting,Music,Sports Club,Music Club,6,1,4,3,1,2
 22,153,62,Bengali,Indian,Street Food,3,Non-Veg,2,150,3,Both,Romance,Thriller,Comedy,Fantasy,Teen,Crime,Bengali,English,Hindi,Netflix,YouTube,Prime Video,2,5,0,0,Sports,Casual,Racing,Mobile,Mobile,PC,Sometimes,WhatsApp,Instagram,Facebook,120,Lifesyle,Occasional,Bollywood,Pop,Lo-fi,2,Hindi,English,1,Sometimes,Fantasy,Tech,Biography,2,1000,Mixed,4,2,City,Beach,Cultural,2000,5,Dance,Painting,Music Club,Cultural Club,1,3,3,3,4,5
 21,170,66,Mughlai,South Indian,Chinese,1,Jain,2,150,1,Tea,Comedy,Romance,Thriller,Crime,Fantasy,Historical,Hindi,English,Bengali,Prime Video,Netflix,Disney + Hotstar,0,4,7,8,Sports,MOBA,Racing,Mobile,PC,Console,Sometimes,Instagram,WhatsApp,YouTube,500,Music,No,Bollywood,Lo-fi,Rock,3,Hindi,Bengali,1,No,Biography,Tech,Non-Fiction,0,200,Mixed,3,2,Road trip,Beach,Trekking,30000,5,Cricket,Gym,Sports Club,Coding Club,15,3,4,2,5,5
 20,126,57,Indian,Bengali,Chinese,3,Eggitarian,3,100,4,Both,Thriller,Sci-fi,Comedy,Crime,K-Drama,K-Drama,Hindi,English,Bengali,YouTube,JioCinema,Disney + Hotstar,4,7,3,1,Puzzle,Casual,Sports,Mobile,Mobile,Mobile,Sometimes,Instagram,WhatsApp,YouTube,60,Lifesyle,Occasional,Bollywood,Rock,Pop,2,Hindi,English,0,Sometimes,Tech,Sci-Fi,Self-Help,2,500,Mostly Offline,3,1,Beach,Trekking,Road Trip,10000,1,Painting,Badminton,Sports Club,Coding Club,4,3,3,2,4,3
 21,154,76,Indian,South Indian,Bengali,5,Non-Veg,3,200,1,Both,Thriller,Action,Romance,Historical,Crime,Fantasy,Bengali,Hindi,English,YouTube,JioCinema,Netflix,1,0,7,4,Strategy,Casual,Racing,Mobile,Mobile,Mobile,Often,WhatsApp,Facebook,YouTube,600,Music,No,Classical,Bollywood,Lo-fi,10,Bengali,Telegu,0,Sometimes,Biography,Fiction,Tech,0,1000,Mixed,3,1,City,Beach,Cultural,30000,2,Music,Dance,Cultural Club,Cultural Club,0,3,1,3,3,5
 20,155,71,Indian,Chinese,Bengali,4,Non-Veg,2,250,3,Both,Action,Horror,Sci-Fi,Crime,Fantasy,Historical,English,Hindi,Bengali,Netflix,Prime Video,Disney + Hotstar,2,30,7,15,FPS,RPG,MOBA,PC,Mobile,Console,Sometimes,Facebook,Instagram,WhatsApp,480,Lifesyle,No,Bollywood,Lo-fi,Pop,3,Hindi,English,4,Sometimes,Tech,Self-Help,Sci-Fi,3,2000,Mixed,3,3,Trekking,Beach,Road Trip,30000,2,Gym,Coding,Entrepreneurship Cell,Robotics Club,1,4,4,3,4,4
 21,157,55,Indian,Street Food,Bengali,4,Non-Veg,8,100,2,Tea,Comedy,Sci-fi,Drama,Teen,Fantasy,Siticom,English,Hindi,Bengali,Netflix,Prime Video,YouTube,5,15,3,10,Puzzle,Casual,Strategy,Mobile,PC,Mobile,Sometimes,Instagram,WhatsApp,YouTube,100,Memes,No,Bollywood,Classical,Indie,6,Bengali,Hindi,1,Sometimes,Fiction,Self-Help,Sci-Fi,5,1000,Mixed,3,3,City,Road Trip,Cultural,5000,4,Painting,Dance,Drama Club,Music Club,10,5,5,3,4,5
 20,165,81,Indian,Chinese,Bengali,4,Non-Veg,7,100,1,Both,Scie-fi,Horror,Documentary,Crime,Historical,Anime,Bengali,Hindi,English,Netflix,Disney + Hotstar,YouTube,0,1,5,10,FPS,MOBA,Strategy,Mobile,PC,Console,Often,Instagram,WhatsApp,YouTube,220,Memes,Regular,Classical,Lo-fi,Hip-Hop,1,Hindi,Bengali,1,Sometimes,Self-Help,Sci-Fi,Fantasy,1,1500,Mostly Online,4,3,Beach,Beach,Pilgrimage,25000,3,Gym,Music,Entrepreneurship Cell,Music Club,33,3,4,3,5,5
 20,171,81,Bengali,Mughlai,Chinese,4,Non-Veg,5,150,5,Coffee,Action,Comedy,Sci-Fi,Historical,Crime,Fantasy,Hindi,English,Bengali,YouTube,Netflix,Prime Video,2,5,5,15,FPS,Racing,Strategy,PC,Mobile,Console,Sometimes,Instagram,YouTube,WhatsApp,240,Memes,No,Bollywood,Classical,Lo-fi,1,Hindi,English,0,No,Fiction,Biography,Sci-Fi,0,500,Mostly Online,3,5,Beach,City,Pilgrimage,40000,3,Cricket,Photography,Sports Club,Coding Club,5,3,4,3,4,4
 21,176,74,Indian,Continental,Italian,3,Non-Veg,3,200,3,Tea,Horror,Horror,Sci-Fi,Anime,Crime,Historical,Bengali,English,Hindi,YouTube,Netflix,Prime Video,4,30,7,25,RPG,Strategy,Sports,PC,PC,Mobile,Sometimes,Instagram,WhatsApp,YouTube,399,Memes,No,Pop,Rock,Hip-Hop,2,Hindi,English,1,Sometimes,Tech,Sci-Fi,Self-Help,20,400,Mostly Online,4,2,Beach,Road Trip,Cultural,20000,2,Cricket,Yoga,Entrepreneurship Cell,Sports Club,10,3,3,4,4,5
 22,172,70,Bengali,Street Food,Indian,3,Non-Veg,8,500,3,Coffee,Thriller,Comedy,Romance,Crime,Historical,Fantasy,Hindi,Malayalam,Bengali,Netflix,Prime Video,SOnyLIV,4,10,0,0,Sports,Racing,Puzzle,Mobile,PC,Console,Never,You Tube,Instagram,WhatsApp,700,Memes,No,Bollywood,Hip-Hop,Classical,1,Hindi,Bengali,2,Sometimes,Sci-Fi,Tech,Self-Help,5,1000,Mostly Online,4,9,Trekking,Road Trip,Beach,3000,4,Cricket,Photography,Sports Club,Music Club,0,3,3,3,3,3
 21,159,60,Indian,Bengali,Chinese,2,Non-Veg,5,250,4,Both,Action,Comedy,Sci-Fi,Anime,Crime,Fantasy,English,Hindi,Bengali,Netflix,Prime Video,Disney + Hotstar,7,120,7,70,FPS,RPG,Racing,PC,Mobile,Console,Often,WhatsApp,YouTube,Instagram,400,Memes,Occasional,Bollywood,Classical,Pop,4,English,Hindi,3,Sometimes,Fiction,Non-Fiction,Tech,40,1700,Mixed,4,5,Beach,Trekking,Road Trip,9000,3,Badminton,Photography,Coding Club,Robotics Club,30,4,4,4,4,4